algorithm,n_cities,seed,distance,time_ms,gap,route,history_len
brute_force,4,1004,252.2714368058814,0.8639000000130181,0.0,0-3-2-1,
ga_default,4,1004,252.27143680588136,305.5528999998387,-1.1266320828970437e-14,0-3-2-1,50.0
brute_force,4,1104,89.1059627210254,0.19249999991188815,0.0,0-2-1-3,
ga_default,4,1104,89.1059627210254,75.62379999990299,0.0,0-3-1-2,50.0
brute_force,4,1204,249.11049407188952,0.19049999991693767,0.0,0-3-2-1,
ga_default,4,1204,249.11049407188955,75.84390000010899,1.1409278254733793e-14,0-1-2-3,50.0
brute_force,4,1304,151.9967960107291,0.18899999986388138,0.0,0-1-3-2,
ga_default,4,1304,151.9967960107291,73.52379999997538,0.0,0-2-3-1,50.0
brute_force,4,1404,202.77614489079673,0.13280000007398485,0.0,0-1-3-2,
ga_default,4,1404,202.77614489079673,74.35190000001057,0.0,0-1-3-2,50.0
brute_force,4,1504,204.08235101666645,0.19720000000233995,0.0,0-2-3-1,
ga_default,4,1504,204.08235101666645,75.01509999997324,0.0,0-2-3-1,50.0
brute_force,4,1604,221.24312675243027,0.18769999996948172,0.0,0-3-2-1,
ga_default,4,1604,221.24312675243027,72.20199999983379,0.0,0-1-2-3,50.0
brute_force,4,1704,225.04041649477728,0.18629999999575375,0.0,0-2-1-3,
ga_default,4,1704,225.04041649477728,72.73209999993924,0.0,0-2-1-3,50.0
brute_force,4,1804,260.0046705810863,0.19369999995433318,0.0,0-2-1-3,
ga_default,4,1804,260.0046705810863,76.49560000004385,0.0,0-2-1-3,50.0
brute_force,4,1904,148.98654351146268,0.1921999999012769,0.0,0-2-1-3,
ga_default,4,1904,148.98654351146268,74.34349999994083,0.0,0-2-1-3,50.0
brute_force,5,1005,216.64784012309858,0.8256999999503023,0.0,0-3-2-1-4,
ga_default,5,1005,216.64784012309858,85.68009999999049,0.0,0-4-1-2-3,50.0
brute_force,5,1105,178.96481929278272,0.8483999999953085,0.0,0-3-1-2-4,
ga_default,5,1105,178.96481929278272,179.2279999999664,0.0,0-4-2-1-3,50.0
brute_force,5,1205,255.00785336933203,0.90730000010808,0.0,0-2-3-4-1,
ga_default,5,1205,255.00785336933203,83.11810000009245,0.0,0-2-3-4-1,50.0
brute_force,5,1305,154.1687757551977,0.8446000001640641,0.0,0-2-1-4-3,
ga_default,5,1305,154.1687757551977,83.06930000003376,0.0,0-2-1-4-3,50.0
brute_force,5,1405,189.8508775279273,0.8474999999634747,0.0,0-3-2-1-4,
ga_default,5,1405,189.8508775279273,83.7936999998874,0.0,0-3-2-1-4,50.0
brute_force,5,1505,219.75330116481734,0.839799999994284,0.0,0-1-3-4-2,
ga_default,5,1505,219.75330116481734,83.98739999984173,0.0,0-1-3-4-2,50.0
brute_force,5,1605,195.05721330478576,0.9155000000191649,0.0,0-2-1-4-3,
ga_default,5,1605,195.05721330478576,83.23859999995875,0.0,0-2-1-4-3,50.0
brute_force,5,1705,225.08597026468956,0.8430000000316795,0.0,0-4-1-2-3,
ga_default,5,1705,225.08597026468954,83.2358000000113,-1.2627046189054581e-14,0-4-1-2-3,50.0
brute_force,5,1805,199.1311094525122,0.8496000000377535,0.0,0-1-2-4-3,
ga_default,5,1805,199.1311094525122,82.94269999987591,0.0,0-1-2-4-3,50.0
brute_force,5,1905,242.39706501977005,0.8419999999205174,0.0,0-2-1-4-3,
ga_default,5,1905,242.39706501977003,85.92799999996714,-1.1725269622421343e-14,0-2-1-4-3,50.0
brute_force,6,1006,210.0075653833586,5.000999999992928,0.0,0-3-4-1-2-5,
ga_default,6,1006,210.0075653833586,95.14319999993859,0.0,0-5-2-1-4-3,50.0
brute_force,6,1106,216.46515844746733,4.947200000060548,0.0,0-3-2-4-1-5,
ga_default,6,1106,216.46515844746733,93.55970000001435,0.0,0-5-1-4-2-3,50.0
brute_force,6,1206,243.27994575499918,4.937200000085795,0.0,0-2-4-5-1-3,
ga_default,6,1206,243.27994575499918,95.36470000011832,0.0,0-2-4-5-1-3,50.0
brute_force,6,1306,234.57805831462525,5.198999999947773,0.0,0-1-2-4-5-3,
ga_default,6,1306,234.57805831462528,94.34329999999136,1.2116098851958139e-14,0-1-2-4-5-3,50.0
brute_force,6,1406,249.97174004262888,4.950700000108554,0.0,0-4-3-2-1-5,
ga_default,6,1406,249.97174004262888,94.01449999995748,0.0,0-4-3-2-1-5,50.0
brute_force,6,1506,193.30986942401074,4.9618000000464235,0.0,0-1-2-5-3-4,
ga_default,6,1506,193.30986942401077,93.32629999994424,1.4702668578220966e-14,0-4-3-5-2-1,50.0
brute_force,6,1606,301.2777148444583,4.943600000160586,0.0,0-3-1-5-2-4,
ga_default,6,1606,301.27771484445833,93.34889999990992,1.8867448888529566e-14,0-4-2-5-1-3,50.0
brute_force,6,1706,279.0874179081713,4.9473999999918306,0.0,0-1-4-2-5-3,
ga_default,6,1706,279.0874179081713,94.94289999997818,0.0,0-1-4-2-5-3,50.0
brute_force,6,1806,179.39115751427653,4.997200000161683,0.0,0-5-4-1-2-3,
ga_default,6,1806,179.39115751427656,94.53170000006139,1.584342830729665e-14,0-3-2-1-4-5,50.0
brute_force,6,1906,205.3589484437183,4.979300000059084,0.0,0-2-3-4-1-5,
ga_default,6,1906,205.35894844371828,95.53959999993822,-1.3840015078862465e-14,0-2-3-4-1-5,50.0
brute_force,7,1007,222.15686824373392,35.8625999999731,0.0,0-1-6-2-5-3-4,
ga_default,7,1007,222.15686824373392,113.54330000017399,0.0,0-1-6-2-5-3-4,50.0
brute_force,7,1107,234.98416558327028,35.13459999999213,0.0,0-3-5-6-1-2-4,
ga_default,7,1107,234.98416558327028,106.86479999981202,0.0,0-4-2-1-6-5-3,50.0
brute_force,7,1207,278.73753327904353,35.603000000037355,0.0,0-3-2-4-1-6-5,
ga_default,7,1207,278.73753327904353,109.96639999984836,0.0,0-3-2-4-1-6-5,50.0
brute_force,7,1307,247.26403281436671,35.64090000008946,0.0,0-6-4-2-3-1-5,
ga_default,7,1307,247.26403281436674,104.08849999998893,1.149447782878377e-14,0-5-1-3-2-4-6,50.0
brute_force,7,1407,212.75774245165488,34.740900000088004,0.0,0-2-5-6-3-1-4,
ga_default,7,1407,212.75774245165488,103.64509999999427,0.0,0-2-5-6-3-1-4,50.0
brute_force,7,1507,200.7277971656368,35.368800000014744,0.0,0-2-3-1-6-4-5,
ga_default,7,1507,200.72779716563676,104.1639000000032,-1.4159329117207894e-14,0-2-3-1-6-4-5,50.0
brute_force,7,1607,270.42840015913964,34.91290000010849,0.0,0-3-4-2-5-6-1,
ga_default,7,1607,270.4284001591397,111.29150000010668,2.1019766721009047e-14,0-1-6-5-2-4-3,50.0
brute_force,7,1707,270.3406215357517,36.99710000000778,0.0,0-3-2-1-6-4-5,
ga_default,7,1707,270.3406215357517,105.52269999993769,0.0,0-5-4-6-1-2-3,50.0
brute_force,7,1807,223.54996424877453,35.51850000008017,0.0,0-1-5-4-6-2-3,
ga_default,7,1807,223.54996424877453,105.56999999994332,0.0,0-3-2-6-4-5-1,50.0
brute_force,7,1907,317.034900593814,35.20869999988463,0.0,0-1-3-2-5-4-6,
ga_default,7,1907,323.4317963308428,110.71319999996376,2.017726037432252,0-3-2-5-4-6-1,50.0
brute_force,8,1008,272.4164080088217,519.9022000001605,0.0,0-1-7-2-4-6-5-3,
ga_default,8,1008,272.41640800882175,216.56450000000405,2.086637118384119e-14,0-3-5-6-4-2-7-1,50.0
brute_force,8,1108,157.43151050722832,352.8772999998182,0.0,0-4-7-3-2-5-1-6,
ga_default,8,1108,157.43151050722832,270.80660000001444,0.0,0-4-7-3-2-5-1-6,50.0
brute_force,8,1208,322.48676342839957,282.7732000000651,0.0,0-6-1-7-3-5-4-2,
ga_default,8,1208,362.9590520526795,117.01770000013312,12.550061960377434,0-2-6-1-7-3-5-4,50.0
brute_force,8,1308,271.3222322100016,281.6133000001173,0.0,0-4-1-7-5-2-3-6,
ga_default,8,1308,271.3222322100016,118.20820000002641,0.0,0-4-1-7-5-2-3-6,50.0
brute_force,8,1408,259.21818626839035,279.5741999998427,0.0,0-4-2-5-7-1-3-6,
ga_default,8,1408,259.21818626839035,121.9492000000173,0.0,0-4-2-5-7-1-3-6,50.0
brute_force,8,1508,198.1974932772041,284.7394999998869,0.0,0-7-2-4-3-5-1-6,
ga_default,8,1508,198.1974932772041,116.73220000011497,0.0,0-7-2-4-3-5-1-6,50.0
brute_force,8,1608,268.4132352968769,281.8036999999549,0.0,0-1-2-4-3-6-5-7,
ga_default,8,1608,268.4132352968769,116.59980000013093,0.0,0-7-5-6-3-4-2-1,50.0
brute_force,8,1708,244.81874135099582,287.80619999997725,0.0,0-4-2-5-6-3-1-7,
ga_default,8,1708,244.81874135099585,117.8132000000005,1.1609286639398206e-14,0-7-1-3-6-5-2-4,50.0
brute_force,8,1808,255.05406570526742,283.0490999999711,0.0,0-6-4-7-5-1-2-3,
ga_default,8,1808,271.23951351703937,117.39070000021457,6.345888965547937,0-6-4-7-3-2-5-1,50.0
brute_force,8,1908,234.98897533019718,283.0880999999863,0.0,0-4-6-1-3-7-5-2,
ga_default,8,1908,234.98897533019718,120.84819999995489,0.0,0-4-6-1-3-7-5-2,50.0
brute_force,9,1009,266.33374259162633,2546.9470000000456,0.0,0-1-6-7-4-5-3-2-8,
ga_default,9,1009,286.0492037618845,126.13880000003519,7.402539752722273,0-2-3-5-4-7-6-1-8,50.0
brute_force,9,1109,318.50585210827757,2534.9095999999918,0.0,0-7-5-8-2-3-4-6-1,
ga_default,9,1109,318.5058521082776,127.42959999991399,1.784689935351135e-14,0-1-6-4-3-2-8-5-7,50.0
brute_force,9,1209,228.08516392242103,2526.8978999999945,0.0,0-1-5-4-6-7-8-2-3,
ga_default,9,1209,257.1355414896454,135.66949999994904,12.736636205371651,0-8-7-6-4-5-2-3-1,50.0
brute_force,9,1309,309.4830532454817,2550.481199999922,0.0,0-3-5-8-7-6-2-4-1,
ga_default,9,1309,310.00392136862774,127.93069999997897,0.16830263165747314,0-1-8-7-6-5-2-4-3,50.0
brute_force,9,1409,284.239493615743,2579.141499999878,0.0,0-1-2-3-5-8-6-4-7,
ga_default,9,1409,296.9747685318559,129.84019999998964,4.480473404350136,0-7-4-6-8-1-5-3-2,50.0
brute_force,9,1509,288.0674623400773,2535.5090999998993,0.0,0-3-5-1-8-2-6-4-7,
ga_default,9,1509,326.3056007301531,134.43270000016128,13.274022022290685,0-8-2-6-4-7-5-1-3,50.0
brute_force,9,1609,254.2591507587432,2544.951200000014,0.0,0-1-4-8-7-6-3-2-5,
ga_default,9,1609,269.832657875796,125.57799999990493,6.125052754474853,0-7-5-2-3-6-8-4-1,50.0
brute_force,9,1709,343.94253116607365,2553.4267000000455,0.0,0-4-2-3-8-5-1-6-7,
ga_default,9,1709,353.7388929676658,129.68879999993987,2.848255424642998,0-7-4-2-3-8-5-1-6,50.0
brute_force,9,1809,279.17687023514486,2476.0195000001204,0.0,0-4-8-5-1-3-2-7-6,
ga_default,9,1809,279.17687023514486,95.04969999989044,0.0,0-6-7-2-3-1-5-8-4,50.0
brute_force,9,1909,308.5886155348794,2416.0263999999643,0.0,0-1-3-4-7-5-6-2-8,
ga_default,9,1909,331.49243850641375,97.55389999986619,7.42212182125868,0-2-6-5-7-4-3-1-8,50.0
