algorithm,n_cities,seed,distance,time_ms,gap_vs_best,route
pure_ga,10,1010,207.84515753167534,595.1566000003368,4.1023389384579606e-14,0-9-7-6-3-8-4-2-5-1
memetic,10,1010,207.84515753167534,1100.5310999998983,4.1023389384579606e-14,0-9-7-6-3-8-4-2-5-1
two_opt_x20,10,1010,207.84515753167526,56.93469999914669,0.0,0-1-5-2-4-8-3-6-7-9
pure_ga,10,1110,261.02494005656615,1282.99590000006,3.134396594183079,0-3-9-2-4-6-1-8-5-7
memetic,10,1110,253.0920320246373,1229.242699999304,4.4919169051734196e-14,0-3-9-7-2-4-6-1-8-5
two_opt_x20,10,1110,253.09203202463718,21.314999999958673,0.0,0-3-9-7-2-4-6-1-8-5
pure_ga,10,1210,320.09703741649093,716.2902000000031,3.551636673653234e-14,0-9-7-3-8-2-6-1-4-5
memetic,10,1210,322.1448182302497,1248.1113999992886,0.6397375090649287,0-1-6-2-8-3-7-9-5-4
two_opt_x20,10,1210,320.0970374164908,24.566899999626912,0.0,0-9-7-3-8-2-6-1-4-5
pure_ga,10,1310,278.0455040183664,707.4641999997766,2.0443926637653242e-14,0-6-9-5-7-2-8-1-4-3
memetic,10,1310,279.44184278513586,700.1712000001135,0.5021979304068503,0-6-5-7-2-8-1-4-3-9
two_opt_x20,10,1310,278.04550401836633,22.454999999354186,0.0,0-6-9-5-7-2-8-1-4-3
pure_ga,10,1410,267.3355898353082,1161.2825000001976,4.928578432881457,0-4-1-3-5-2-6-9-8-7
memetic,10,1410,254.77862544979777,1269.7477000001527,4.4621811394463786e-14,0-4-3-5-2-6-9-8-7-1
two_opt_x20,10,1410,254.77862544979766,65.45940000069095,0.0,0-4-3-5-2-6-9-8-7-1
pure_ga,20,1020,489.1421816556615,2001.7788000004657,32.14948361852251,0-1-16-14-15-9-3-18-4-10-2-6-19-12-17-7-11-8-13-5
memetic,20,1020,380.15990067779006,1733.9479999991454,2.7061996513816577,0-12-19-6-2-10-4-18-3-9-8-13-5-15-14-11-16-7-17-1
two_opt_x20,20,1020,370.1430896753816,139.45739999962825,0.0,0-12-19-6-2-10-4-18-3-9-8-13-5-11-15-14-7-17-16-1
pure_ga,20,1120,468.34307316148374,1435.6953999995312,44.83338235434303,0-1-17-19-14-12-13-8-18-6-4-10-5-15-11-2-9-16-7-3
memetic,20,1120,323.3667995239225,1305.6338999995205,1.7578619371096837e-13,0-6-4-10-5-15-11-1-17-19-14-2-9-16-7-3-12-13-8-18
two_opt_x20,20,1120,323.36679952392194,130.96840000071097,0.0,0-18-8-13-12-3-7-16-9-2-14-19-17-1-11-15-5-10-4-6
pure_ga,20,1220,443.77619485153235,2059.913499999311,31.634504107539126,0-5-16-7-19-11-3-10-8-17-12-6-13-14-18-15-1-4-2-9
memetic,20,1220,342.4912308622105,3893.142899999475,1.5909908164649378,0-5-7-16-19-12-17-8-3-10-2-11-6-13-4-15-1-14-18-9
two_opt_x20,20,1220,337.1275623061476,159.64829999938956,0.0,0-5-7-16-19-12-17-8-3-10-2-11-6-13-14-1-4-15-18-9
pure_ga,20,1320,427.78627709661407,1928.0473999997412,0.9234234048616754,0-15-5-8-13-10-11-3-9-7-14-19-4-16-18-12-2-17-1-6
memetic,20,1320,439.90408559787426,2682.5027999993836,3.7822591917691413,0-6-1-15-5-10-11-3-17-2-12-18-16-19-4-9-7-14-13-8
two_opt_x20,20,1320,423.8721425258418,265.2248000003965,0.0,0-8-13-5-10-11-3-14-7-9-4-19-16-18-12-2-17-15-1-6
pure_ga,20,1420,456.3138573978897,1931.2832000005073,23.743254132055633,0-8-18-5-19-16-11-9-1-12-7-6-13-15-14-10-3-2-17-4
memetic,20,1420,368.7585724155302,1269.0545999994356,4.624441825592725e-14,0-4-2-17-13-6-7-12-1-9-11-16-19-5-18-8-15-14-10-3
two_opt_x20,20,1420,368.75857241553,131.76329999987502,0.0,0-4-2-17-13-6-7-12-1-9-11-16-19-5-18-8-15-14-10-3
pure_ga,30,1030,627.2482630656315,2225.615899999866,60.03363313086679,0-16-22-5-6-12-25-11-19-4-17-8-13-20-15-10-27-28-21-18-3-24-23-26-2-14-9-29-7-1
memetic,30,1030,391.94777422362455,2044.6305999994365,3.0455889140880885e-13,0-19-11-16-25-1-12-5-6-22-7-18-29-9-21-14-2-26-28-23-3-27-10-24-15-20-13-8-4-17
two_opt_x20,30,1030,391.94777422362336,347.3768999992899,0.0,0-17-4-8-13-20-15-24-10-27-3-23-28-26-2-14-21-9-29-18-7-22-6-5-12-1-25-16-11-19
pure_ga,30,1130,591.9841589871993,2029.1869000002407,26.457724043399356,0-19-11-13-14-2-9-20-1-24-12-10-17-4-28-5-3-23-6-15-27-26-18-7-25-29-21-22-8-16
memetic,30,1130,470.93122995305134,1825.4029999998238,0.5987924114525977,0-16-22-21-19-13-11-14-6-23-3-2-9-12-24-1-20-5-28-4-17-10-25-7-29-18-26-27-15-8
two_opt_x20,30,1130,468.1281143285757,393.7751000003118,0.0,0-16-29-25-7-18-26-27-15-28-4-10-17-12-24-1-9-20-5-2-3-23-6-8-14-11-13-19-21-22
pure_ga,30,1230,735.1424078097567,1981.8742999996175,55.96070121134241,0-27-13-24-5-22-3-14-28-17-6-7-21-9-29-20-23-1-4-8-26-11-12-19-25-16-15-10-18-2
memetic,30,1230,504.50696464597837,1817.5334999996267,7.031316839165007,0-7-15-16-27-13-25-12-19-9-29-20-21-23-4-8-10-18-26-1-11-3-14-22-5-24-17-28-6-2
two_opt_x20,30,1230,471.3638769894763,391.7344999999841,0.0,0-6-28-24-5-17-22-14-3-2-11-1-26-10-18-4-8-23-20-29-9-21-12-19-25-13-27-16-15-7
pure_ga,30,1330,706.9374278324947,1799.2236000000048,40.910895998574134,0-2-18-27-23-9-25-16-28-12-6-5-7-29-24-11-15-13-8-4-1-3-17-20-14-21-10-22-19-26
memetic,30,1330,553.9001100967181,2481.2011999993047,10.406604226266968,0-26-19-22-10-21-28-12-6-5-16-24-7-9-29-27-23-18-25-1-8-4-13-15-11-20-2-3-17-14
two_opt_x20,30,1330,501.6911026097287,478.88500000044587,0.0,0-26-19-22-10-21-28-12-6-16-5-7-9-29-27-23-18-25-24-3-2-1-8-4-13-15-11-20-17-14
pure_ga,30,1430,576.9895111781537,2095.4694000001837,34.157840082846526,0-22-13-17-11-24-10-2-28-25-5-12-19-4-1-7-14-9-29-8-16-15-21-20-6-18-26-3-23-27
memetic,30,1430,483.92323269694225,5136.609299999691,12.518675654893977,0-22-27-8-16-29-9-14-7-4-1-19-17-11-12-6-18-26-3-2-10-23-28-25-5-24-20-13-21-15
two_opt_x20,30,1430,430.0825884061977,863.6883999997735,0.0,0-22-27-28-23-10-2-3-26-25-5-24-18-6-20-12-11-17-19-1-4-13-21-15-7-14-9-29-16-8
pure_ga,40,1040,888.3892096654504,7928.889000000709,55.12501599429109,0-22-17-24-23-16-39-14-6-25-8-4-12-37-31-32-18-35-10-30-15-29-28-3-19-20-34-7-1-9-21-27-2-11-5-26-13-38-33-36
memetic,40,1040,659.6299302849014,4721.60359999998,15.180488880872428,0-5-27-28-2-11-38-13-26-20-19-34-1-7-22-9-17-37-6-12-31-8-25-18-35-10-30-33-36-29-16-23-15-39-32-4-14-24-3-21
two_opt_x20,40,1040,572.6924209942675,1326.2867000003098,0.0,0-5-27-28-2-26-11-38-13-29-36-33-16-23-30-10-35-15-39-18-32-25-4-8-31-12-37-6-14-24-17-9-22-7-1-34-20-19-3-21
pure_ga,40,1140,839.8706918259581,4736.504600000444,68.91459452556553,0-18-14-35-31-3-33-30-16-7-29-11-9-2-25-32-26-1-15-37-19-24-23-38-39-20-36-12-28-17-8-27-13-6-21-34-5-10-4-22
memetic,40,1140,548.5738756449829,8165.45750000023,10.32904788049464,0-33-18-1-15-22-5-37-21-34-25-19-24-23-38-32-26-20-13-36-27-8-35-31-17-28-7-12-14-6-39-3-30-16-29-9-11-2-4-10
two_opt_x20,40,1140,497.2161784983252,1916.6905000001861,0.0,0-33-30-16-29-7-28-17-31-35-8-27-12-14-3-18-1-15-6-39-13-36-20-26-32-38-23-24-19-25-34-37-21-22-5-4-10-2-11-9
pure_ga,40,1240,907.5447926354614,2522.6149000000078,71.64801104752124,0-35-21-15-13-28-5-3-16-1-26-14-24-34-31-29-22-36-2-30-4-20-12-27-10-32-18-17-8-9-37-7-6-23-39-25-33-38-19-11
memetic,40,1240,582.6375083538503,6011.4878000003955,10.19684128229354,0-19-11-36-2-30-25-21-38-33-39-4-37-23-9-8-3-5-17-20-22-18-32-12-6-7-28-15-13-16-1-26-14-27-31-10-34-24-29-35
two_opt_x20,40,1240,528.724327824693,2595.884500000466,0.0,0-19-11-38-21-33-25-30-39-4-37-9-17-20-3-5-8-23-7-6-28-15-13-16-1-12-26-14-27-32-18-10-31-34-24-22-29-35-36-2
pure_ga,40,1340,966.872060813451,4941.459199999372,85.98285204138068,0-16-29-13-32-38-33-12-7-8-30-39-28-17-35-22-26-36-37-24-9-11-14-5-25-2-23-1-34-19-21-31-10-6-3-4-27-18-15-20
memetic,40,1340,530.6375929405451,7380.032399999436,2.070891212252145,0-39-16-32-29-38-25-15-13-27-18-11-23-2-30-33-12-8-7-34-21-19-1-22-31-10-6-36-37-24-9-26-35-17-3-4-5-14-28-20
two_opt_x20,40,1340,519.8716173028278,2692.1917999998186,0.0,0-39-16-32-29-38-25-15-13-27-18-11-23-2-30-33-12-8-7-34-21-19-1-22-26-9-24-31-10-6-36-37-35-17-3-4-5-14-28-20
pure_ga,40,1440,1001.6618172524106,8673.451900000146,87.9260348983862,0-32-7-19-20-38-31-11-23-1-30-16-21-22-28-26-33-8-29-27-37-13-12-18-10-2-24-39-4-36-17-5-15-9-6-25-34-3-14-35
memetic,40,1440,538.3073186982541,7850.156200000129,0.9941261784692895,0-2-35-24-3-14-29-34-8-26-28-22-9-6-11-25-15-38-31-33-20-5-21-17-36-4-39-16-19-7-18-12-10-30-1-23-27-13-37-32
two_opt_x20,40,1440,533.0085412561494,1576.034200000322,0.0,0-32-37-13-27-23-1-30-10-12-18-19-16-7-4-39-36-17-21-20-5-15-38-31-25-11-6-9-22-33-28-26-8-34-29-14-3-24-35-2
pure_ga,50,1050,1297.7063898870801,3726.7106000008425,133.58911229315615,0-38-33-46-12-8-23-16-18-35-36-15-6-47-19-3-24-31-44-30-17-27-39-5-43-48-1-32-14-21-2-7-22-13-29-45-41-11-20-26-4-49-10-34-37-9-40-28-42-25
memetic,50,1050,557.9349631019387,3387.600900000507,0.42913694802499713,0-7-22-13-35-2-18-26-47-19-23-14-21-16-34-33-38-37-1-9-32-48-40-17-10-49-4-27-43-30-46-44-12-5-28-39-8-20-24-31-3-11-41-45-29-15-36-6-42-25
two_opt_x20,50,1050,555.5508889722773,4591.909900000246,0.0,0-7-22-13-35-2-18-26-47-21-16-34-33-38-37-1-9-32-14-19-23-48-40-17-10-49-4-27-43-30-46-44-12-5-28-39-8-20-24-31-3-11-41-45-29-15-36-6-42-25
pure_ga,50,1150,1046.2837786079776,9701.854800000547,100.96037510543468,0-15-6-46-38-22-43-36-33-7-31-18-32-8-10-26-40-30-13-44-37-14-3-5-4-25-29-24-45-49-34-23-41-27-35-17-1-16-20-19-21-42-11-9-48-47-12-28-39-2
memetic,50,1150,585.4984372578051,3802.3713000002317,12.457048441979145,0-35-27-48-37-44-13-9-30-40-26-10-8-32-5-18-31-47-17-1-42-25-4-36-33-14-3-11-7-6-43-21-19-20-22-38-16-29-12-46-28-39-24-45-49-2-34-15-23-41
two_opt_x20,50,1150,520.6418320323301,4030.402700000195,0.0,0-41-23-15-47-17-1-42-25-11-7-6-12-34-2-49-45-24-39-28-46-29-38-22-16-20-19-21-43-3-14-33-36-4-31-13-32-18-5-8-10-26-40-30-9-44-37-48-27-35
pure_ga,50,1250,1124.9635163033124,6735.272099999747,115.71725982438655,0-18-17-27-23-35-31-20-34-42-43-44-37-13-9-25-47-33-38-40-41-28-19-8-4-2-48-30-15-22-10-21-5-3-29-7-45-26-6-46-14-24-36-32-16-49-1-12-39-11
memetic,50,1250,544.9213728881919,3121.433199999956,4.49134009737076,0-1-12-49-39-11-2-18-17-27-16-23-4-35-8-31-20-28-19-47-9-25-45-26-6-7-13-41-34-33-38-48-40-32-29-37-44-24-14-46-43-30-42-15-36-3-22-10-21-5
two_opt_x20,50,1250,521.4990757898255,5273.5727999997835,0.0,0-1-12-49-39-11-2-18-17-27-16-23-4-35-8-31-20-28-19-47-9-25-45-26-6-7-13-41-34-33-38-48-40-32-29-36-37-44-24-14-46-43-30-42-15-3-22-10-21-5
pure_ga,50,1350,1017.0557581304563,4359.107600000243,88.00197911629586,0-43-3-12-11-47-32-41-38-33-16-5-7-28-10-17-44-49-26-15-34-18-8-39-37-36-25-13-29-19-20-42-31-4-21-14-40-9-2-46-35-22-24-27-45-1-6-48-23-30
memetic,50,1350,555.9538149757204,4017.0508000001064,2.7676375431166087,0-17-44-47-11-12-49-3-41-28-26-15-34-37-39-14-8-40-18-33-5-48-7-23-16-4-31-21-38-42-20-19-29-9-2-13-25-46-36-1-35-22-45-27-24-6-30-10-43-32
two_opt_x20,50,1350,540.9814103612799,2828.524899999138,0.0,0-17-44-47-11-12-32-3-49-48-5-7-41-15-34-37-39-14-8-40-18-33-23-16-4-31-21-38-42-20-19-29-9-2-13-25-46-36-1-6-35-22-45-27-24-30-28-26-10-43
pure_ga,50,1450,1069.9727568016297,4960.919800000738,89.9493499767038,0-31-14-26-25-47-21-18-40-32-38-39-19-49-29-11-16-17-41-15-34-2-1-43-20-36-5-8-42-46-44-4-30-10-48-12-13-6-33-22-3-28-45-35-23-27-24-7-37-9
memetic,50,1450,571.301649940655,4234.963900000366,1.421626258251395,0-34-23-45-32-27-38-35-39-24-19-7-49-29-9-40-18-11-28-16-42-37-3-22-33-21-47-26-14-25-6-13-10-12-48-46-30-4-17-44-41-8-15-31-5-43-1-20-36-2
two_opt_x20,50,1450,563.2937185269946,2504.9643000002106,0.0,0-34-23-45-32-27-38-35-39-24-19-7-49-29-9-40-18-11-28-16-42-37-3-22-33-14-25-26-47-21-17-41-44-4-30-6-13-10-46-48-12-20-36-1-43-5-31-8-15-2
