algorithm,n_cities,seed,solver_seed,budget_s,restarts_or_gens,distance,time_ms,gap_vs_best,route
pure_ga,30,1030,1515161089,2.0,185,586.6589864558761,1815.833600001497,49.67784614109358,0-11-21-9-29-14-2-26-28-25-5-12-1-22-6-7-18-23-27-10-3-24-15-20-13-19-16-8-4-17
memetic,30,1030,1135909037,2.0,124,403.94175633067726,1234.4057000009343,3.060097006753416,0-19-11-16-25-12-5-6-1-22-7-18-29-9-21-14-2-26-28-23-3-27-10-24-15-20-13-8-4-17
two_opt,30,1030,55273026,2.0,171,391.9477742236235,2000.2210999991803,0.0,0-17-4-8-13-20-15-24-10-27-3-23-28-26-2-14-21-9-29-18-7-22-6-5-12-1-25-16-11-19
pure_ga,30,1130,1515164189,2.0,209,635.6588741312052,1990.8691000000545,35.787374155665596,0-16-22-14-15-10-17-4-28-5-20-9-1-12-24-2-6-11-13-19-21-29-25-7-18-26-27-23-3-8
memetic,30,1130,1135912137,2.0,140,477.5934147488059,1435.4808000007324,2.021946584815997,0-16-22-14-11-13-19-21-29-25-7-18-26-27-15-28-4-10-17-12-24-1-9-20-5-2-3-23-6-8
two_opt,30,1130,55276126,2.0,139,468.12811432857575,2007.5877999988734,0.0,0-22-21-19-13-11-14-8-6-23-3-2-5-20-9-1-24-12-17-10-4-28-15-27-26-18-7-25-29-16
pure_ga,30,1230,1515167289,2.0,158,593.8133386389355,1724.8377000014443,25.977693163830125,0-7-15-16-27-13-17-3-14-22-5-24-28-6-25-12-9-29-20-23-8-4-1-26-18-10-2-11-21-19
memetic,30,1230,1135915237,2.0,171,493.87438941740805,1748.5111999994842,4.77561254199265,0-7-15-13-27-16-24-28-17-5-22-3-14-10-26-18-8-4-1-23-20-29-9-19-25-12-21-11-2-6
two_opt,30,1230,55279226,2.0,156,471.36387698947584,2002.6350999996794,0.0,0-6-28-24-5-17-22-14-3-2-11-1-26-10-18-4-8-23-20-29-9-21-12-19-25-13-27-16-15-7
pure_ga,30,1330,1515170389,2.0,160,718.3764873147525,1700.4183999997622,43.19099612846539,0-20-14-2-1-8-4-18-27-23-29-24-16-12-6-7-9-5-28-22-19-26-10-21-17-3-25-15-13-11
memetic,30,1330,1135918337,2.0,140,515.7970761349253,1407.098900001074,2.8116850093252377,0-26-19-22-10-21-28-12-6-5-16-17-2-3-25-24-7-9-29-27-23-18-1-8-4-13-15-11-20-14
two_opt,30,1330,55282326,2.0,122,501.69110260972906,2009.1164000004937,0.0,0-26-19-22-10-21-28-12-6-16-5-7-9-29-27-23-18-25-24-3-2-1-8-4-13-15-11-20-17-14
pure_ga,30,1430,1515173489,2.0,175,596.9650151507226,1826.7697999999655,38.80241405795059,0-15-13-25-3-26-2-10-23-28-27-8-29-16-9-14-7-4-1-12-24-18-11-17-19-21-20-6-5-22
memetic,30,1430,1135921437,2.0,153,430.082588406199,1585.5900999995356,1.9825291836897628e-13,0-22-27-28-23-10-2-3-26-25-5-24-18-6-20-12-11-17-19-1-4-13-21-15-7-14-9-29-16-8
two_opt,30,1430,55285426,2.0,152,430.08258840619817,2010.6955999999627,0.0,0-22-27-28-23-10-2-3-26-25-5-24-18-6-20-12-11-17-19-1-4-13-21-15-7-14-9-29-16-8
pure_ga,30,1530,1515176589,2.0,140,641.8319165279464,1414.7314999991067,44.28977033601472,0-12-3-10-18-20-24-15-16-28-7-11-26-29-22-14-17-13-27-6-9-19-8-5-25-21-1-23-4-2
memetic,30,1530,1135924537,2.0,145,444.8214970702925,1420.0985000006767,1.6612606406334073e-13,0-22-2-29-26-11-4-23-28-7-16-20-18-24-15-1-21-19-8-9-10-3-12-6-27-5-25-17-13-14
two_opt,30,1530,55288526,2.0,125,444.82149707029174,2012.204799999381,0.0,0-22-2-29-26-11-4-23-28-7-16-20-18-24-15-1-21-19-8-9-10-3-12-6-27-5-25-17-13-14
pure_ga,30,1630,1515179689,2.0,178,689.5104752962501,1755.2422999997361,50.03160727678885,0-15-26-3-27-19-21-23-2-24-16-18-28-22-11-17-25-9-29-10-6-8-20-5-12-1-14-4-7-13
memetic,30,1630,1135927637,2.0,158,471.77729032516504,1518.740000001344,2.6547205301866996,0-15-26-28-17-22-11-3-14-1-27-19-21-23-2-24-16-25-18-9-4-12-7-13-29-10-5-20-6-8
two_opt,30,1630,55291626,2.0,128,459.5768103878223,2001.5308999991248,0.0,0-15-26-28-17-22-11-3-14-1-27-19-21-23-2-12-4-24-16-25-18-9-7-13-29-10-5-20-6-8
pure_ga,30,1730,1515182789,2.0,205,637.0726219051999,1970.9211999997933,23.347549018506456,0-14-16-12-28-10-18-1-5-11-29-7-9-27-4-24-3-13-8-25-17-20-26-19-22-23-2-15-6-21
memetic,30,1730,1135930737,2.0,142,534.9594454181055,1349.8264999998355,3.576788811436143,0-21-6-9-7-29-11-19-22-23-2-26-15-4-27-24-3-20-17-25-8-1-18-10-28-12-5-16-14-13
two_opt,30,1730,55294726,2.0,138,516.4858377604379,2011.7331000001286,0.0,0-13-14-16-12-28-18-10-5-1-8-25-17-20-2-23-22-19-26-11-29-7-9-4-15-3-24-27-6-21
pure_ga,30,1830,1515185889,2.0,178,660.3239582652294,1686.6516999998566,32.889635302221336,0-22-11-29-10-5-27-2-23-9-21-20-25-16-8-15-13-3-14-24-7-17-18-28-6-4-12-1-19-26
memetic,30,1830,1135933837,2.0,143,513.6981286448643,1407.531900000322,3.38131172824995,0-22-11-29-10-17-18-28-5-12-4-6-7-24-14-13-3-21-15-25-20-9-23-16-8-1-27-19-26-2
two_opt,30,1830,55297826,2.0,136,496.8965087183076,2005.0387999999657,0.0,0-2-23-9-16-20-25-15-21-3-13-14-24-7-28-18-17-10-29-11-22-5-6-4-12-8-1-27-19-26
pure_ga,30,1930,1515188989,2.0,217,514.852601669256,2035.5521000001318,10.804894769235048,0-29-15-21-11-25-8-19-22-6-13-20-3-2-16-23-10-27-14-17-12-26-4-7-28-9-18-1-5-24
memetic,30,1930,1135936937,2.0,143,475.9417740953518,1389.6416000006866,2.4306335909259036,0-4-29-28-7-9-1-18-5-24-14-27-10-23-16-2-17-26-12-3-20-13-6-22-19-8-11-15-21-25
two_opt,30,1930,55300926,2.0,182,464.64788648687454,2008.0522999996901,0.0,0-4-15-21-11-25-8-19-22-6-13-20-3-12-26-17-2-16-23-10-27-14-24-5-18-1-9-7-28-29
pure_ga,30,2030,1515192089,2.0,225,569.0240935697277,2087.235499999224,25.250042012226704,0-6-22-12-7-1-3-8-23-29-9-25-24-27-11-2-28-4-14-10-26-5-19-15-16-17-13-20-18-21
memetic,30,2030,1135940037,2.0,114,483.65528239690696,1052.3434999995516,6.4591906110998645,0-9-25-16-17-13-15-21-18-19-24-5-14-10-26-20-4-28-2-11-27-23-29-8-3-1-7-12-22-6
two_opt,30,2030,55304026,2.0,137,454.3105011606946,2011.869800000568,0.0,0-6-22-12-7-1-3-8-23-27-11-2-28-4-14-10-26-20-13-15-17-16-21-18-19-5-24-29-9-25
pure_ga,30,2130,1515195189,2.0,205,573.9668990503492,1988.9275000005,24.8811454681861,0-6-1-25-3-7-4-24-9-20-8-28-16-15-12-23-21-22-10-17-19-2-13-11-29-26-5-18-14-27
memetic,30,2130,1135943137,2.0,119,469.660375761447,1079.6767000010732,2.1865996160228063,0-25-6-1-24-4-15-12-21-29-22-23-11-9-16-28-8-20-13-2-19-17-10-26-5-27-14-18-7-3
two_opt,30,2130,55307126,2.0,155,459.6105335985801,2007.2559000000183,0.0,0-25-6-1-24-4-15-9-16-28-8-20-13-2-19-17-10-22-23-11-12-21-29-26-5-27-14-18-7-3
pure_ga,30,2230,1515198289,2.0,225,688.0002395452036,1987.895899999785,47.437895676986194,0-10-17-20-3-15-26-2-21-8-24-19-7-1-29-27-23-25-28-11-22-18-12-9-16-13-4-5-14-6
memetic,30,2230,1135946237,2.0,132,466.63731626535616,1207.0980999997118,4.872599501106652e-14,0-18-22-11-28-14-6-5-25-4-20-9-16-13-23-27-29-1-15-3-26-7-2-21-19-24-8-17-12-10
two_opt,30,2230,55310226,2.0,142,466.63731626535593,2005.6392000005872,0.0,0-10-12-17-8-24-19-21-2-7-26-3-15-1-29-27-23-13-16-9-20-4-25-5-6-14-28-11-22-18
pure_ga,30,2330,1515201389,2.0,226,619.2909428631855,2015.6992000011087,43.57779491485575,0-27-3-25-14-19-9-17-5-24-23-29-16-13-6-2-12-22-21-1-28-8-18-20-26-15-10-7-4-11
memetic,30,2330,1135949337,2.0,152,445.27463498846697,1387.1749000009004,3.233465562381398,0-27-12-2-6-13-29-23-24-5-17-19-9-16-14-25-3-22-21-1-15-10-26-7-4-28-11-20-18-8
two_opt,30,2330,55313326,2.0,148,431.3277991422255,2011.0327999991569,0.0,0-27-12-2-6-29-23-24-5-17-19-9-16-13-14-25-3-22-21-1-15-10-26-7-4-28-11-20-18-8
pure_ga,30,2430,1515204489,2.0,228,671.3743223245253,2042.5497999985964,26.28265301861631,0-5-18-21-13-3-2-15-29-23-24-4-28-1-20-7-25-12-14-27-26-22-17-16-8-10-9-19-6-11
memetic,30,2430,1135952437,2.0,162,559.0162920811924,1386.8774999991729,5.148585665627099,0-5-23-1-20-7-25-4-24-28-12-14-19-6-27-15-29-2-3-11-9-10-8-16-22-21-18-13-17-26
two_opt,30,2430,55316426,2.0,179,531.6441381901858,2007.5323000000935,0.0,0-18-21-13-22-16-8-10-9-19-6-27-11-17-26-3-2-15-29-14-12-28-4-25-7-20-1-24-23-5
pure_ga,30,1030,1207699395,10.0,1188,531.512658147273,10537.965699999404,35.60803073830498,0-13-8-4-17-11-28-26-23-3-27-10-24-20-15-2-14-21-9-29-18-7-22-6-5-12-1-25-16-19
memetic,30,1030,1461858350,10.0,640,410.26328930600545,5945.247199999358,4.6729478483867055,0-19-11-1-25-12-5-6-22-7-18-29-9-21-14-2-26-28-23-3-27-10-24-15-20-13-8-4-17-16
two_opt,30,1030,2119616417,10.0,912,391.94777422362307,10006.767200000468,0.0,0-17-4-8-13-20-15-24-10-27-3-23-28-26-2-14-21-9-29-18-7-22-6-5-12-1-25-16-11-19
pure_ga,30,1130,1207702495,10.0,887,601.050981234856,8187.646600001244,28.394549021463604,0-16-7-25-29-22-14-11-13-19-21-18-26-27-10-17-4-28-5-20-2-8-6-23-3-9-1-12-24-15
memetic,30,1130,1461861450,10.0,609,468.1281143285761,5655.382000000827,1.4571246747443176e-13,0-16-29-25-7-18-26-27-15-28-4-10-17-12-24-1-9-20-5-2-3-23-6-8-14-11-13-19-21-22
two_opt,30,1130,2119619517,10.0,862,468.1281143285754,10004.693599999882,0.0,0-16-29-25-7-18-26-27-15-28-4-10-17-12-24-1-9-20-5-2-3-23-6-8-14-11-13-19-21-22
pure_ga,30,1230,1207705595,10.0,986,561.7988247013658,8528.970999999729,19.185803606649536,0-13-27-16-15-7-2-4-8-23-21-20-29-9-19-25-12-11-1-26-18-10-14-3-22-17-5-24-28-6
memetic,30,1230,1461864550,10.0,804,480.44102571961116,6877.808900000673,1.925720059014617,0-7-15-16-27-13-25-12-19-9-29-20-21-23-8-4-18-10-26-1-11-2-3-14-22-5-24-17-28-6
two_opt,30,1230,2119622617,10.0,865,471.36387698947584,10007.70079999893,0.0,0-6-28-24-5-17-22-14-3-2-11-1-26-10-18-4-8-23-20-29-9-21-12-19-25-13-27-16-15-7
pure_ga,30,1330,1207708695,10.0,1086,734.0750779475026,9476.76599999977,46.32013087912966,0-20-3-25-24-29-9-7-5-6-12-21-28-16-27-23-18-13-15-11-26-19-14-17-8-4-1-2-10-22
memetic,30,1330,1461867650,10.0,744,533.3666660723275,6302.395599999727,6.313758266357053,0-20-11-17-16-24-25-3-2-1-15-13-4-8-18-23-27-29-9-7-5-6-12-28-21-10-22-14-19-26
two_opt,30,1330,2119625717,10.0,663,501.6911026097279,10009.017299998959,0.0,0-14-17-20-11-15-13-4-8-1-2-3-24-25-18-23-27-29-9-7-5-16-6-12-28-21-10-22-19-26
pure_ga,30,1430,1207711795,10.0,1125,554.1925785925773,10236.454399999275,28.857245917884562,0-29-9-14-7-15-21-13-4-1-19-26-3-2-23-28-10-5-24-6-20-12-17-11-18-25-27-16-8-22
memetic,30,1430,1461870750,10.0,606,430.08258840619914,5427.636899999925,3.568552530641578e-13,0-22-27-28-23-10-2-3-26-25-5-24-18-6-20-12-11-17-19-1-4-13-21-15-7-14-9-29-16-8
two_opt,30,1430,2119628817,10.0,686,430.0825884061976,10002.467700000125,0.0,0-22-27-28-23-10-2-3-26-25-5-24-18-6-20-12-11-17-19-1-4-13-21-15-7-14-9-29-16-8
pure_ga,30,1530,1207714895,10.0,430,541.6629621402479,7406.225400000039,21.77085993095648,0-29-26-11-22-2-13-17-25-5-27-21-1-15-24-18-20-16-28-7-23-4-19-8-9-10-3-12-6-14
memetic,30,1530,1461873850,10.0,359,457.9304649363708,5889.443699999902,2.9470176132265804,0-14-13-17-25-5-27-6-12-3-10-9-8-19-18-20-24-15-16-7-28-23-4-1-21-11-26-29-2-22
two_opt,30,1530,2119631917,10.0,381,444.8214970702912,10018.151099999159,0.0,0-22-2-29-26-11-4-23-28-7-16-20-18-24-15-1-21-19-8-9-10-3-12-6-27-5-25-17-13-14
pure_ga,30,1630,1207717995,10.0,575,631.6781459105011,9216.846900000746,37.4477849257558,0-25-1-14-3-11-22-17-28-26-15-18-9-16-24-4-7-5-20-8-6-10-29-13-12-2-23-27-19-21
memetic,30,1630,1461876950,10.0,403,476.10599859849145,6519.79929999834,3.5966105854474546,0-8-6-20-5-10-29-13-7-12-21-19-27-23-2-1-14-3-11-22-17-25-16-24-4-9-18-28-26-15
two_opt,30,1630,2119635017,10.0,396,459.5768103878213,10015.625699999873,0.0,0-15-26-28-17-22-11-3-14-1-27-19-21-23-2-12-4-24-16-25-18-9-7-13-29-10-5-20-6-8
pure_ga,30,1730,1207721095,10.0,579,686.3278831567865,9225.039599999945,32.884163123002466,0-19-22-23-2-17-25-8-1-5-10-18-28-12-16-14-13-20-26-15-4-27-21-24-3-11-29-7-9-6
memetic,30,1730,1461880050,10.0,417,546.5923437295037,6641.8246000012,5.829105808517806,0-14-16-12-28-18-10-5-1-8-25-17-20-2-23-22-19-11-29-7-9-26-15-3-13-24-4-27-6-21
two_opt,30,1730,2119638117,10.0,424,516.4858377604381,10007.265300000654,0.0,0-13-14-16-12-28-18-10-5-1-8-25-17-20-2-23-22-19-26-11-29-7-9-4-15-3-24-27-6-21
pure_ga,30,1830,1207724195,10.0,559,661.5143204603447,8894.159399998898,33.12919468213853,0-23-16-8-12-4-5-18-17-10-29-11-22-19-26-2-27-1-15-13-21-3-14-24-7-28-6-25-20-9
memetic,30,1830,1461883150,10.0,410,543.5031013174486,6765.239199999996,9.379537143329538,0-2-27-1-16-23-9-20-25-8-12-4-6-15-21-3-14-24-7-13-28-18-17-10-29-5-11-22-19-26
two_opt,30,1830,2119641217,10.0,416,496.89650871830725,10022.261799998887,0.0,0-2-23-9-16-20-25-15-21-3-13-14-24-7-28-18-17-10-29-11-22-5-6-4-12-8-1-27-19-26
pure_ga,30,1930,1207727295,10.0,576,570.6306971703983,9202.398199999152,22.809274240940194,0-8-19-22-6-13-20-3-12-26-25-11-4-29-9-28-7-1-18-5-24-14-27-10-23-16-2-17-15-21
memetic,30,1930,1461886250,10.0,391,487.1988016676769,6265.46800000142,4.853334285302794,0-4-15-21-11-6-13-22-19-8-25-26-12-3-20-23-10-27-16-2-17-14-24-5-18-1-9-7-28-29
two_opt,30,1930,2119644317,10.0,506,464.6478864868746,10011.096399999587,0.0,0-29-28-7-9-1-18-5-24-14-27-10-23-16-2-17-26-12-3-20-13-6-22-19-8-25-11-21-15-4
pure_ga,30,2030,1207730395,10.0,582,578.5340180498379,9432.601099999374,27.34330740138543,0-25-9-29-23-8-3-1-7-12-22-6-21-15-16-17-13-26-10-5-24-27-11-2-28-14-4-20-19-18
memetic,30,2030,1461889350,10.0,430,495.0703349536112,7006.2344999987545,8.971800935435471,0-6-22-12-7-1-3-8-29-9-24-5-23-27-11-2-28-4-14-10-26-20-13-19-18-21-15-17-16-25
two_opt,30,2030,2119647417,10.0,422,454.31050116069446,10021.666700000424,0.0,0-6-22-12-7-1-3-8-23-27-11-2-28-4-14-10-26-20-13-15-17-16-21-18-19-5-24-29-9-25
pure_ga,30,2130,1207733495,10.0,552,610.5760868101054,8934.618000001137,32.84640846447123,0-15-20-8-9-12-21-29-10-17-22-23-11-19-2-13-28-16-24-4-1-6-25-3-7-18-14-27-5-26
memetic,30,2130,1461892450,10.0,397,469.6067508039597,6386.615600000368,2.17493213811116,0-3-7-18-14-27-5-26-10-17-19-2-13-28-16-8-20-11-23-22-29-21-12-15-9-4-24-1-6-25
two_opt,30,2130,2119650517,10.0,431,459.61053359858,10022.222100000363,0.0,0-25-6-1-24-4-15-9-16-28-8-20-13-2-19-17-10-22-23-11-12-21-29-26-5-27-14-18-7-3
pure_ga,30,2230,1207736595,10.0,549,580.8583578238425,8971.129699999437,24.477476956329554,0-8-24-19-21-2-7-26-3-9-16-13-20-28-5-25-4-23-27-29-1-15-17-10-12-11-14-6-22-18
memetic,30,2230,1461895550,10.0,398,508.36135741016295,6527.2134999995615,8.941428319264743,0-18-22-11-17-20-4-25-28-14-6-5-23-27-29-13-16-9-3-15-1-26-7-2-21-19-24-8-12-10
two_opt,30,2230,2119653617,10.0,394,466.6373162653555,10028.037699999913,0.0,0-10-12-17-8-24-19-21-2-7-26-3-15-1-29-27-23-13-16-9-20-4-25-5-6-14-28-11-22-18
pure_ga,30,2330,1207739695,10.0,569,704.1255045349086,9344.696599999224,63.246029107141176,0-3-25-14-19-6-2-12-27-8-18-20-11-10-15-1-21-22-17-5-24-23-29-9-16-13-28-26-7-4
memetic,30,2330,1461898650,10.0,403,470.5680504012561,6460.9451000014815,9.097547465539481,0-8-18-20-11-4-7-26-10-15-1-21-28-22-3-25-14-13-16-9-19-17-5-24-23-29-6-2-12-27
two_opt,30,2330,2119656717,10.0,422,431.32779914222533,10021.527999999307,0.0,0-27-12-2-6-29-23-24-5-17-19-9-16-13-14-25-3-22-21-1-15-10-26-7-4-28-11-20-18-8
pure_ga,30,2430,1207742795,10.0,588,560.28955066331,9505.891700000575,5.843219239883395,0-23-2-15-29-24-1-20-7-25-4-28-12-14-19-6-27-9-10-8-16-22-17-11-3-26-13-21-18-5
memetic,30,2430,1461901750,10.0,398,543.9886268639129,6396.537200000239,2.76384313966943,0-5-23-24-1-20-7-25-4-28-29-12-14-19-6-27-15-2-3-11-9-10-8-16-17-26-22-13-21-18
two_opt,30,2430,2119659817,10.0,507,529.3580020402328,10006.170599999678,0.0,0-18-21-13-22-16-8-10-9-19-6-27-11-17-26-3-2-15-14-12-28-4-25-7-20-1-24-29-23-5
pure_ga,50,1050,1515161709,2.0,71,1324.225400905789,1872.845199999574,138.36257437288893,0-13-23-16-32-9-33-38-34-35-42-41-36-7-22-25-6-29-15-45-3-18-21-19-8-30-44-27-17-49-48-31-11-39-10-40-43-46-12-28-24-20-47-26-2-37-1-14-4-5
memetic,50,1050,1135909657,2.0,50,564.4690519195708,1363.161900000705,1.6052828146475986,0-25-42-6-36-15-29-45-41-11-3-31-24-20-8-30-28-39-5-12-44-46-43-17-10-27-4-49-40-48-23-19-14-32-9-1-37-38-33-34-16-21-47-26-18-2-35-13-22-7
two_opt,50,1050,55273646,2.0,16,555.5508889722769,2170.9695999998075,0.0,0-25-42-6-36-15-29-45-41-11-3-31-24-20-8-39-28-5-12-44-46-30-43-27-4-49-10-17-40-48-23-19-14-32-9-1-37-38-33-34-16-21-47-26-18-2-35-13-22-7
pure_ga,50,1150,1515164809,2.0,76,1098.6719156416855,1940.6436000008398,108.77073399587324,0-35-37-23-15-17-5-26-8-30-44-48-36-7-1-42-47-11-25-32-18-31-33-14-43-19-6-24-49-2-45-39-22-20-21-4-13-9-27-41-28-34-12-46-29-38-16-3-10-40
memetic,50,1150,1135912757,2.0,51,548.3469042634524,1400.9209999985615,4.197426053785882,0-35-27-48-37-44-9-30-40-26-10-8-5-18-32-13-31-4-36-33-14-3-43-21-19-20-22-38-16-6-7-11-25-42-1-17-47-15-12-29-46-28-39-24-45-49-2-34-23-41
two_opt,50,1150,55276746,2.0,18,526.2576294162968,2041.8212000004132,0.0,0-41-23-15-47-17-1-42-11-7-6-12-34-2-49-45-24-39-28-46-29-38-22-16-20-19-21-43-3-14-33-36-4-25-31-13-32-18-5-8-10-26-40-30-9-44-37-48-27-35
pure_ga,50,1250,1515167909,2.0,71,1345.301217686338,1810.6432999993558,157.96809239764,0-5-15-30-42-14-24-35-31-6-26-19-20-34-41-40-44-7-9-23-2-11-1-21-43-46-13-8-18-17-12-39-27-16-4-33-32-37-45-28-47-25-36-29-22-10-3-48-38-49
memetic,50,1250,1135915857,2.0,49,560.844331101098,1337.1590000006108,7.544645261677972,0-1-12-49-39-11-2-18-17-27-16-23-4-35-8-31-38-48-33-20-28-19-47-9-25-45-26-6-7-13-41-34-40-32-29-36-37-44-24-14-43-30-42-46-3-15-22-10-21-5
two_opt,50,1250,55279846,2.0,15,521.4990757898264,2045.630999999048,0.0,0-1-12-49-39-11-2-18-17-27-16-23-4-35-8-31-20-28-19-47-9-25-45-26-6-7-13-41-34-33-38-48-40-32-29-36-37-44-24-14-46-43-30-42-15-3-22-10-21-5
pure_ga,50,1350,1515171009,2.0,71,1233.265515603694,1793.4751000011602,128.55089523436297,0-6-33-31-42-38-18-40-3-11-41-46-2-1-35-45-37-39-14-34-8-21-28-27-24-30-22-36-17-47-10-26-15-20-29-25-13-9-19-44-12-49-32-43-48-7-4-23-16-5
memetic,50,1350,1135918957,2.0,49,567.770098793084,1435.351800000717,5.220135262552353,0-17-44-47-11-12-32-3-49-48-5-7-23-16-4-31-21-8-40-18-33-41-15-26-28-46-13-29-19-20-37-34-14-39-38-42-9-2-25-36-1-22-45-27-24-35-6-30-10-43
two_opt,50,1350,55282946,2.0,18,539.6021373440985,2110.4711999996653,0.0,0-17-44-47-11-12-49-32-3-48-5-7-41-28-26-15-34-14-8-40-18-33-23-16-4-31-21-38-39-37-20-19-42-9-2-29-13-25-46-36-1-6-35-22-45-27-24-30-10-43
pure_ga,50,1450,1515174109,2.0,71,1148.0286903220172,1801.617699999042,106.91230233923747,0-2-40-7-35-24-28-30-4-37-42-22-3-16-18-17-41-45-23-32-49-9-29-11-6-13-10-5-20-12-48-46-25-14-26-33-47-21-15-43-44-1-36-31-8-27-39-19-38-34
memetic,50,1450,1135922057,2.0,49,581.2381746223718,1415.2931000007811,4.75812140621398,0-34-15-8-23-45-40-9-29-49-38-32-27-35-39-24-19-7-11-18-28-16-42-37-3-22-33-14-25-26-47-21-17-44-4-30-46-6-13-10-12-48-20-36-1-43-5-41-31-2
two_opt,50,1450,55286046,2.0,17,554.8382949409155,2021.625600000334,0.0,0-34-15-8-23-45-40-9-29-49-35-38-32-27-39-24-19-7-11-18-28-16-37-3-42-21-33-22-14-25-26-47-17-41-44-4-30-6-13-10-46-48-12-20-36-1-43-5-31-2
pure_ga,50,1550,1515177209,2.0,71,1263.3738589191591,1961.4510000010341,104.50816349826265,0-36-48-32-5-15-27-46-45-31-38-28-11-25-43-42-19-4-29-14-8-26-34-21-41-7-9-44-37-16-2-1-20-30-6-39-24-33-35-40-47-49-13-18-17-3-22-10-12-23
memetic,50,1550,1135925157,2.0,50,674.560707345144,1397.3765000009735,9.194258258015585,0-10-24-23-11-21-39-25-12-41-28-38-34-30-31-6-26-46-45-13-49-8-47-1-40-16-37-44-9-2-20-7-35-27-33-15-3-29-32-5-14-4-48-36-22-17-19-43-42-18
two_opt,50,1550,55289146,2.0,19,617.7620674442621,2048.7013000001753,0.0,0-18-43-42-25-12-41-34-38-30-31-26-6-28-21-39-11-24-23-27-46-45-7-20-13-49-8-47-1-40-16-2-37-44-5-14-4-36-48-29-32-9-15-35-33-3-22-17-19-10
pure_ga,50,1650,1515180309,2.0,69,1178.1303879964087,1960.177200000544,99.50288479863266,0-32-16-29-17-6-30-25-11-46-19-38-22-44-39-3-10-35-40-15-2-34-24-21-14-18-26-48-5-28-31-8-42-27-43-33-1-49-9-12-20-36-45-13-41-4-23-47-7-37
memetic,50,1650,1135928257,2.0,45,604.0501698384816,1242.7428999999393,2.2889763932041416,0-37-14-18-6-19-30-25-11-46-48-7-17-26-32-16-29-41-47-28-31-45-12-23-20-4-10-40-35-36-3-39-8-42-44-9-15-27-13-22-5-38-21-34-49-2-1-33-43-24
two_opt,50,1650,55292246,2.0,17,590.533008675814,2079.072799999267,0.0,0-37-18-26-32-16-29-41-47-28-31-45-12-23-20-4-10-40-35-36-3-39-8-42-27-44-15-9-49-2-1-33-43-34-21-38-5-22-13-46-11-25-30-48-7-17-19-6-14-24
pure_ga,50,1750,1515183409,2.0,73,1135.477736709848,1861.8922000005114,98.73039887467712,0-48-26-46-21-11-38-40-8-42-32-30-23-44-25-24-37-29-34-4-15-19-31-47-41-10-3-39-16-49-5-6-7-27-13-20-17-43-35-12-33-18-14-45-9-36-28-2-22-1
memetic,50,1750,1135931357,2.0,50,597.5250421642634,1399.2148999986966,4.578351585290435,0-8-42-25-44-23-30-32-48-26-34-29-4-15-46-47-19-31-10-41-2-16-39-3-21-9-17-20-36-49-28-5-6-24-22-1-35-12-33-45-43-18-14-13-27-37-7-38-11-40
two_opt,50,1750,55295346,2.0,15,571.3659023176923,2102.9880000005505,0.0,0-8-42-25-44-23-30-32-48-26-34-29-4-15-46-47-19-31-10-41-39-2-16-3-21-9-45-43-18-14-27-13-33-12-35-17-20-36-49-28-5-6-24-22-1-37-7-38-11-40
pure_ga,50,1850,1515186509,2.0,71,1273.9454168174645,1802.5596999996196,106.55917463773133,0-17-39-34-13-7-9-49-11-5-14-24-25-26-47-29-23-30-4-21-46-6-10-28-31-40-8-48-43-19-3-42-16-20-27-41-32-37-2-15-22-18-35-36-44-33-12-1-45-38
memetic,50,1850,1135934457,2.0,51,700.7737172693236,1378.2189000012295,13.624366268831158,0-7-9-41-46-21-27-45-1-20-4-23-16-30-42-3-33-44-12-24-36-14-26-5-11-32-37-2-15-39-22-13-34-17-10-28-6-49-18-48-43-29-47-31-40-25-8-35-19-38
two_opt,50,1850,55298446,2.0,20,616.7459852856897,2029.0800999991916,0.0,0-7-9-46-21-41-27-45-1-38-18-19-20-16-4-23-30-42-3-33-44-12-24-36-35-14-26-5-11-25-8-40-48-43-29-31-32-37-2-15-39-22-13-34-17-10-28-47-6-49
pure_ga,50,1950,1515189609,2.0,71,1213.2271939242708,1795.0811999999132,110.35642573663382,0-41-25-9-22-44-10-11-14-29-31-19-12-24-2-1-37-40-28-26-46-33-5-13-3-8-23-49-17-39-34-47-7-18-32-6-45-48-38-21-30-27-4-15-42-35-20-36-43-16
memetic,50,1950,1135937557,2.0,50,582.1387534980056,1438.225699999748,0.9346213816103288,0-17-44-49-23-9-19-12-41-25-7-8-13-3-5-45-26-33-46-6-48-32-18-47-24-38-34-39-15-4-21-28-42-35-40-30-20-27-14-11-36-37-29-10-1-16-43-2-22-31
two_opt,50,1950,55301546,2.0,19,576.748340192484,2122.8033999996114,0.0,0-31-22-29-37-36-11-14-40-28-35-42-46-33-26-3-45-5-8-13-7-25-41-12-19-9-23-47-24-38-34-39-18-32-48-6-15-4-21-30-27-20-1-10-16-43-2-44-49-17
pure_ga,50,2050,1515192709,2.0,71,1310.2485598089797,1867.9270000011456,128.41196897357747,0-35-30-13-29-36-32-10-45-15-39-27-40-4-14-9-20-8-21-31-3-41-42-49-38-25-18-7-12-22-44-47-46-5-17-48-1-23-37-43-28-24-26-34-11-16-33-19-6-2
memetic,50,2050,1135940657,2.0,48,593.191758348226,1318.0757999998605,3.4094611200871476,0-34-12-22-10-28-11-40-27-7-39-43-1-45-37-23-15-5-48-17-46-18-25-24-26-44-4-47-9-14-42-38-41-3-31-49-33-21-8-30-16-13-20-6-35-19-36-29-2-32
two_opt,50,2050,55304646,2.0,22,573.6339324497256,2105.0340000001597,0.0,0-29-2-32-34-12-22-10-28-43-1-45-37-23-15-39-5-48-17-46-18-27-7-11-40-44-4-47-9-14-42-24-26-25-38-41-3-31-49-33-21-8-30-16-13-20-6-35-19-36
pure_ga,50,2150,1515195809,2.0,71,1223.8793268394768,1856.1078000002453,112.8444381625475,0-9-27-12-23-20-18-39-1-35-10-45-3-34-46-30-15-36-21-43-49-47-24-37-13-29-48-32-7-28-16-42-6-25-2-8-26-22-17-38-40-11-5-41-14-19-31-4-33-44
memetic,50,2150,1135943757,2.0,51,593.7391828308159,1356.7366000006587,3.25697968202565,0-35-25-6-4-33-31-19-36-2-14-21-8-1-26-41-39-49-9-30-27-15-18-47-24-5-20-37-13-12-48-17-43-22-11-40-38-29-23-32-28-7-10-3-34-44-45-46-42-16
two_opt,50,2150,55307746,2.0,17,575.0111853544468,2051.9273999998404,0.0,0-16-42-44-34-3-46-45-10-7-28-32-48-23-29-38-40-11-22-43-17-12-13-37-20-24-5-39-41-26-1-49-47-18-15-27-30-9-2-14-21-8-36-19-31-33-4-6-25-35
pure_ga,50,2250,1515198909,2.0,50,1331.49426840346,1288.1641999993008,126.05018508075996,0-33-22-27-15-31-2-12-32-29-10-49-41-35-20-9-38-26-42-25-46-47-48-16-13-39-37-18-23-17-43-28-5-11-6-30-45-3-40-44-36-19-21-1-34-4-7-24-14-8
memetic,50,2250,1135946857,2.0,50,621.9657729410005,1344.4688999989012,5.592251820800818,0-3-48-2-32-34-25-42-46-22-27-47-36-15-1-16-31-21-44-19-12-45-5-6-11-30-7-4-8-28-29-14-24-38-35-41-9-43-20-17-10-49-39-13-18-26-37-23-33-40
two_opt,50,2250,55310846,2.0,22,589.0259580755321,2025.2094000006764,0.0,0-12-19-44-21-31-15-1-16-48-2-18-32-34-36-47-27-22-46-25-42-13-39-49-10-17-20-43-9-38-41-35-30-11-6-5-45-7-4-8-28-29-14-24-23-33-37-26-40-3
pure_ga,50,2350,1515202009,2.0,62,1189.1054811443885,1584.2389999997977,95.52655676200817,0-12-23-18-26-19-42-37-34-1-41-17-35-2-31-38-48-29-39-21-16-22-27-40-8-46-25-9-15-11-4-28-20-24-32-47-44-45-33-43-6-14-3-10-30-36-5-13-7-49
memetic,50,2350,1135949957,2.0,50,622.8485927420331,1343.2444999998552,2.4160115767932977,0-12-24-32-15-9-43-6-25-45-46-33-40-14-8-49-23-41-1-34-37-42-21-3-16-22-27-13-5-19-39-26-17-7-18-35-36-2-30-31-10-48-38-29-11-47-44-28-4-20
two_opt,50,2350,55313946,2.0,20,608.1554858001969,2022.617500000706,0.0,0-12-24-38-48-10-31-30-2-36-35-18-7-17-26-39-19-37-42-5-13-27-22-16-21-3-40-14-34-1-41-23-49-8-33-46-45-6-43-25-9-15-32-20-4-28-44-47-11-29
pure_ga,50,2450,1515205109,2.0,71,1141.9482730207853,1801.61919999955,109.63854457818076,0-41-2-42-9-40-17-39-20-7-26-6-31-8-36-35-13-18-32-23-37-33-10-48-1-21-22-29-14-4-15-38-11-47-5-43-19-16-45-44-25-30-34-28-12-27-24-3-46-49
memetic,50,2450,1135953057,2.0,50,544.7224771181891,1370.0886999995419,0.0,0-49-46-5-41-43-2-42-9-19-14-45-44-6-25-30-18-32-34-28-23-8-31-40-36-35-13-17-39-48-10-33-37-29-22-16-21-1-20-12-7-26-27-24-3-4-15-38-11-47
two_opt,50,2450,55317046,2.0,17,550.0363520775163,2058.000799999718,0.9755196788353319,0-49-46-5-41-43-2-42-9-19-14-45-44-6-30-18-32-34-28-23-8-25-31-40-36-35-13-17-39-48-10-33-37-29-22-16-21-1-20-12-7-26-27-24-3-4-15-38-11-47
pure_ga,50,1050,1207700015,10.0,360,1000.4591372080105,9217.660700000124,81.79614366625857,0-45-41-31-43-17-10-35-2-18-36-6-42-25-7-48-40-44-28-39-5-12-46-4-49-27-30-3-11-15-29-26-19-23-14-32-9-1-37-33-38-34-16-21-47-20-24-8-13-22
memetic,50,1050,1461858970,10.0,253,604.4576179332025,6554.063899999164,9.837633405612586,0-7-22-13-35-2-18-21-16-34-33-38-37-1-9-32-14-19-23-48-40-17-10-49-4-27-43-8-47-26-20-30-46-44-12-5-28-39-31-24-3-11-41-45-29-15-36-6-42-25
two_opt,50,1050,2119617037,10.0,76,550.319229567737,10102.439799999047,0.0,0-25-42-6-36-15-29-45-41-11-3-20-24-31-39-28-5-12-44-46-30-8-43-27-4-49-10-17-40-48-23-19-14-32-9-1-37-38-33-34-16-21-47-26-18-2-35-13-22-7
pure_ga,50,1150,1207703115,10.0,347,806.4124570708677,9034.419600000547,54.25045681841567,0-7-21-16-20-19-3-33-36-4-31-13-9-48-35-17-1-15-11-25-32-8-10-26-40-30-5-18-14-43-6-34-2-49-45-24-38-22-46-28-39-29-12-23-41-47-42-44-37-27
memetic,50,1150,1461862070,10.0,249,557.0301561876483,6642.597399999431,6.548646787616932,0-41-23-15-17-1-42-11-7-12-34-2-49-45-24-39-28-46-29-38-22-20-19-21-16-6-3-43-14-33-36-4-25-31-13-32-18-5-8-10-26-40-30-9-44-37-48-27-35-47
two_opt,50,1150,2119620137,10.0,93,522.7942099517929,10042.4219000015,0.0,0-41-23-15-47-17-1-42-25-11-7-6-12-34-2-49-45-24-39-28-46-29-38-22-16-20-19-21-43-3-14-33-36-4-31-18-5-32-8-10-26-40-30-9-13-44-37-48-27-35
pure_ga,50,1250,1207706215,10.0,350,922.7244613409518,9141.164900000149,76.93693127709986,0-1-5-22-10-21-2-27-16-23-38-48-36-14-43-30-42-32-40-34-19-25-45-26-6-7-9-47-28-20-41-13-33-11-49-17-18-4-8-35-31-29-37-44-24-46-15-3-39-12
memetic,50,1250,1461865170,10.0,252,521.4990757898264,6613.467600000149,4.578001578503512e-13,0-1-12-49-39-11-2-18-17-27-16-23-4-35-8-31-20-28-19-47-9-25-45-26-6-7-13-41-34-33-38-48-40-32-29-36-37-44-24-14-46-43-30-42-15-3-22-10-21-5
two_opt,50,1250,2119623237,10.0,77,521.499075789824,10019.654399999126,0.0,0-1-12-49-39-11-2-18-17-27-16-23-4-35-8-31-20-28-19-47-9-25-45-26-6-7-13-41-34-33-38-48-40-32-29-36-37-44-24-14-46-43-30-42-15-3-22-10-21-5
pure_ga,50,1350,1207709315,10.0,237,918.0957306246869,6132.8104000003805,72.12043640422169,0-35-22-45-25-13-29-19-20-42-38-24-27-15-39-14-8-21-4-31-18-40-33-7-34-37-1-36-46-2-9-6-30-10-44-17-47-11-12-49-3-32-43-28-26-5-48-23-16-41
memetic,50,1350,1461868270,10.0,243,557.04045788413,6338.7075000009645,4.431426383593986,0-17-44-47-11-12-49-48-5-7-33-40-18-23-16-4-31-21-8-14-41-28-26-15-34-37-39-38-42-20-19-29-9-2-13-25-46-36-1-6-35-22-45-27-24-30-10-43-3-32
two_opt,50,1350,2119626337,10.0,87,533.403092511662,10067.830199999662,0.0,0-43-10-30-24-27-45-22-35-6-1-36-46-25-13-2-9-29-19-20-42-38-21-31-4-16-23-33-18-40-8-14-39-37-34-15-26-28-41-7-5-48-3-32-49-12-11-47-44-17
pure_ga,50,1450,1207712415,10.0,354,894.8820377016252,9158.181799999511,61.098401722295506,0-43-1-36-20-12-48-2-38-27-32-40-18-11-28-26-14-25-30-4-44-41-8-15-31-5-46-10-6-13-47-33-22-42-21-17-16-23-45-9-29-49-24-39-35-19-7-3-37-34
memetic,50,1450,1461871370,10.0,252,572.8743411234343,6690.541900001335,3.1299510488886852,0-34-15-8-23-45-40-9-29-49-35-38-32-27-39-24-19-7-11-18-28-16-21-42-37-3-22-33-14-25-26-47-17-4-30-6-13-10-12-48-46-44-41-31-5-1-20-36-43-2
two_opt,50,1450,2119629437,10.0,84,555.4878435381625,10016.465299999254,0.0,0-34-23-45-40-9-29-49-35-38-32-27-39-24-19-7-11-18-28-16-37-3-42-21-33-22-14-25-26-47-17-41-44-4-30-6-13-10-46-48-12-20-36-1-43-5-31-8-15-2
pure_ga,50,1550,1207715515,10.0,356,1010.4621534175423,9153.194799999255,66.08141264978488,0-34-38-6-26-28-41-25-42-43-18-1-16-37-9-3-22-17-24-11-21-30-31-46-45-7-49-13-8-47-40-20-2-44-14-36-48-15-35-33-27-23-39-12-10-19-4-29-5-32
memetic,50,1550,1461874470,10.0,254,653.4798202182783,6591.1919999998645,7.407141685525448,0-18-25-42-43-19-17-22-36-48-4-29-32-14-5-9-44-37-2-7-20-40-16-1-47-8-49-13-45-46-26-6-31-30-34-38-28-21-11-39-41-12-24-23-27-33-35-15-3-10
two_opt,50,1550,2119632537,10.0,94,608.4137516028354,10001.579100000527,0.0,0-18-25-12-42-43-19-17-22-3-36-48-4-14-29-32-5-9-44-37-2-16-40-1-47-8-49-13-20-7-45-46-26-6-31-30-38-34-41-28-21-39-11-24-23-27-33-35-15-10
pure_ga,50,1650,1207718615,10.0,356,940.6666807256158,9158.963800000492,60.41362116732931,0-34-2-49-42-44-9-15-27-38-21-46-48-40-36-35-39-3-8-45-29-41-4-23-20-10-12-31-28-47-17-32-16-7-30-11-25-6-24-37-14-18-26-19-5-22-13-33-1-43
memetic,50,1650,1461877570,10.0,255,602.529934853078,6643.407699999443,2.7505392632168517,0-37-14-26-18-6-19-17-32-16-29-7-48-30-11-25-5-21-38-22-13-46-31-28-47-41-45-12-23-20-4-10-40-36-3-39-35-8-42-27-44-15-9-49-2-1-33-43-34-24
two_opt,50,1650,2119635637,10.0,83,586.4007519314058,10004.090700000233,0.0,0-37-14-26-18-6-19-17-30-11-25-5-21-38-22-13-46-48-7-32-16-29-41-47-28-31-45-12-23-20-4-10-40-35-36-3-39-8-42-27-44-15-9-49-2-1-33-43-34-24
pure_ga,50,1750,1207721715,10.0,380,946.5575807381888,15324.035100000401,65.97193775703862,0-8-42-6-24-22-5-49-2-31-10-41-39-3-9-45-43-18-13-27-14-17-35-12-33-21-16-28-23-30-44-25-32-48-26-34-29-37-7-38-40-11-1-20-36-4-15-46-19-47
memetic,50,1750,1461880670,10.0,255,623.9117728815969,6481.948800001192,9.398358897333397,0-8-42-25-44-48-32-30-26-34-29-4-15-46-47-19-31-10-41-39-2-16-36-49-28-23-5-6-24-22-20-17-35-12-33-9-3-21-45-43-18-14-13-27-1-37-7-38-11-40
two_opt,50,1750,2119638737,10.0,74,570.3118211006407,10095.947600000727,0.0,0-8-42-25-44-23-30-32-48-26-34-29-4-15-46-47-19-31-10-41-39-2-16-3-21-9-33-45-43-18-14-27-13-12-35-17-20-36-49-28-5-6-24-22-1-37-7-38-11-40
pure_ga,50,1850,1207724815,10.0,351,1182.6928628020964,9101.656700000603,93.39836536316845,0-26-14-35-48-43-29-17-10-22-39-2-37-32-31-40-24-36-12-1-45-38-41-7-49-6-15-9-46-21-27-44-3-33-42-19-8-25-11-5-13-34-18-16-20-30-23-4-28-47
memetic,50,1850,1461883770,10.0,254,673.3900334360214,6542.625300000509,10.115259687813042,0-38-1-45-27-21-46-41-9-34-13-17-10-39-22-15-2-37-32-11-5-26-14-36-12-44-33-3-42-30-23-4-16-20-18-19-24-35-8-25-40-48-43-29-31-47-28-6-49-7
two_opt,50,1850,2119641837,10.0,96,611.5319850719551,10079.487800001516,0.0,0-7-9-46-21-41-27-38-45-1-18-20-4-23-16-30-42-3-33-44-12-19-24-36-35-14-26-5-11-25-8-40-48-43-29-31-32-37-2-15-39-22-13-34-17-10-28-47-6-49
pure_ga,50,1950,1207727915,10.0,365,917.346437854641,9344.037799999569,60.654212340899505,0-23-9-19-24-34-43-16-10-1-22-31-49-18-15-21-37-36-29-17-44-2-20-27-30-14-11-40-32-13-8-5-45-26-3-7-25-41-12-47-48-6-33-46-42-35-28-4-39-38
memetic,50,1950,1461886870,10.0,249,598.3066770577668,6429.817700000058,4.781011812515835,0-31-22-2-43-16-1-10-29-36-37-20-27-14-11-40-30-21-28-35-42-33-46-4-15-6-48-26-3-45-5-8-13-7-25-18-32-39-34-38-24-47-41-12-19-9-23-49-44-17
two_opt,50,1950,2119644937,10.0,88,571.0067756630506,10040.44530000101,0.0,0-31-22-29-37-36-11-14-40-28-35-42-46-33-26-45-5-3-13-8-7-25-41-12-19-9-23-47-24-38-34-39-18-32-48-6-15-4-21-30-27-20-1-10-16-43-2-44-49-17
pure_ga,50,2050,1207731015,10.0,365,961.7244574120137,9392.702000001009,69.73046480889695,0-16-13-20-6-35-30-8-21-33-3-41-11-27-7-15-23-43-39-46-44-4-9-14-47-26-40-22-10-34-32-2-29-36-19-49-31-38-42-24-25-18-37-45-1-12-28-17-48-5
memetic,50,2050,1461889970,10.0,240,602.7584703323942,6229.650400000537,6.378157016326891,0-29-2-32-34-12-22-10-28-43-1-45-37-23-15-48-17-4-47-9-14-42-31-49-33-16-13-20-6-35-19-30-8-21-3-41-38-25-24-26-44-46-18-40-27-5-39-7-11-36
two_opt,50,2050,2119648037,10.0,96,566.6186435622145,10026.516699999775,0.0,0-36-19-35-6-20-13-16-30-8-21-33-49-31-3-41-38-42-14-9-47-4-44-26-24-25-40-11-7-27-18-46-17-48-5-39-15-23-37-45-1-43-28-10-22-12-34-32-2-29
pure_ga,50,2150,1207734115,10.0,354,919.9203086764744,9252.32590000087,62.38397816743283,0-16-42-31-21-1-39-5-43-17-29-38-40-11-22-41-26-49-24-12-48-23-13-20-15-30-6-25-35-4-33-19-2-9-27-46-34-3-10-45-7-28-32-37-36-8-14-18-47-44
memetic,50,2150,1461893070,10.0,254,624.8161112840833,6645.970200001102,10.292299035543131,0-35-25-8-21-14-36-19-2-30-9-15-18-47-49-1-26-41-39-24-5-43-22-11-40-38-23-29-17-20-37-13-12-48-32-28-7-10-3-34-44-16-42-46-45-27-31-33-4-6
two_opt,50,2150,2119651137,10.0,83,566.5092819243238,10128.339999999298,0.0,0-16-42-44-34-3-46-45-10-7-28-32-23-29-38-40-11-22-43-17-48-12-13-37-20-5-24-47-18-49-39-41-26-1-8-21-14-36-19-2-30-9-15-27-31-33-4-6-25-35
pure_ga,50,2250,1207737215,10.0,358,1012.1226954759582,9285.322199999428,73.003541790705,0-11-5-45-40-18-37-23-43-20-17-39-1-15-34-25-42-46-22-27-47-36-19-44-21-31-16-32-26-49-10-9-38-24-33-29-8-4-12-48-2-13-14-28-7-6-30-35-41-3
memetic,50,2250,1461896170,10.0,244,619.4662253615198,6444.874400000117,5.886224551920128,0-3-40-29-28-14-24-23-33-37-26-18-32-34-2-48-19-44-21-31-15-16-1-36-47-27-22-46-25-42-13-39-49-10-17-20-43-9-38-41-35-8-4-30-11-6-5-45-7-12
two_opt,50,2250,2119654237,10.0,117,585.0300433157587,10052.632599999924,0.0,0-3-40-18-26-37-33-23-24-14-29-28-8-4-7-45-5-6-11-30-35-41-38-9-43-20-17-10-49-39-13-42-25-46-22-27-47-36-34-32-2-48-16-1-15-31-21-44-19-12
pure_ga,50,2350,1207740315,10.0,345,966.2229735172132,9141.646399999445,63.68933082124478,0-13-27-22-16-21-14-40-3-5-36-48-38-24-28-44-47-11-4-32-49-41-26-39-17-42-33-45-46-15-9-25-43-6-20-29-31-10-30-2-23-1-8-34-37-19-7-18-35-12
memetic,50,2350,1461899270,10.0,113,614.2455133697355,3152.109200000268,4.06028401233492,0-12-24-38-48-10-31-30-2-36-35-18-7-17-26-39-19-5-13-27-22-16-3-21-42-37-34-1-41-23-49-8-14-40-33-46-45-6-43-25-9-15-32-4-28-44-47-11-29-20
two_opt,50,2350,2119657337,10.0,99,590.278528642998,10032.090900000185,0.0,0-20-32-4-28-44-47-11-29-38-48-10-31-30-2-36-35-18-7-17-26-39-19-37-42-5-13-27-22-16-21-3-14-40-6-43-25-9-15-45-46-33-8-34-1-41-49-23-24-12
pure_ga,50,2450,1207743415,10.0,350,909.8257003957965,9233.402800000476,68.82411309923658,0-47-4-3-24-27-17-13-36-40-8-25-33-10-1-37-22-16-11-38-15-21-29-6-44-19-14-45-9-42-46-26-7-20-12-48-39-35-31-23-32-18-34-28-30-41-2-43-5-49
memetic,50,2450,1461902370,10.0,245,580.1404394634698,6705.95239999966,7.648855294826902,0-47-11-38-15-4-3-24-27-26-7-1-20-12-10-48-39-17-13-35-36-40-31-8-23-28-34-32-18-30-25-44-6-33-37-29-21-16-22-45-19-9-42-2-43-41-5-49-46-14
two_opt,50,2450,2119660437,10.0,82,538.9192833259497,10073.745799998505,0.0,0-47-11-38-15-4-3-24-27-26-21-16-22-29-37-33-10-1-7-20-12-48-39-17-13-35-36-40-31-8-23-28-34-32-18-30-25-6-44-45-19-9-14-42-2-43-41-5-46-49
